op,target,_input_nodes,_args,_kwargs,users,type,_prev,_next,_erased,_sort_key,_repr_fn,meta,input_shapes,input_contiguous,contiguous,latency,fw_latency,bw_latency,acc_latency,output_shape,dtype,Name
placeholder,input_ids,{},(),{},"{size: None, view: None}",<class 'torch.Tensor'>,,size,False,"(0,)",,{},[],[],True,0.0,0.0,0.0,0.0,"(1, 2048)",torch.int64,input_ids
call_method,size,{input_ids: None},"(input_ids,)",{},"{getitem: None, getitem_2: None, getitem_3: None}",,input_ids,getitem,False,"(27,)",,"{'nn_module_stack': OrderedDict({'transformer': ('transformer', <class 'transformers.models.gpt2.modeling_gpt2.GPT2Model'>)})}","[[1, 2048]]",[True],True,0.005984000023454427,0.005984000023454427,0.0,0.0,"(1,)",,size
call_function,<built-in function getitem>,{size: None},"(size, -1)",{},{view: None},,size,view,False,"(28,)",,"{'nn_module_stack': OrderedDict({'transformer': ('transformer', <class 'transformers.models.gpt2.modeling_gpt2.GPT2Model'>)})}",[[1]],[True],True,0.005439999978989363,0.005439999978989363,0.0,0.0,"(1,)",,getitem
call_method,view,"{input_ids: None, getitem: None}","(input_ids, -1, getitem)",{},"{size_1: None, getattr_1: None, transformer_wte: None}",,getitem,size_1,False,"(29,)",,"{'nn_module_stack': OrderedDict({'transformer': ('transformer', <class 'transformers.models.gpt2.modeling_gpt2.GPT2Model'>)})}","[[1, 2048], [1]]","[True, True]",True,0.008159999921917915,0.008159999921917915,0.0,0.0,"(1, 2048)",torch.int64,view
call_method,size,{view: None},"(view,)",{},{getitem_1: None},,view,getitem_1,False,"(30,)",,"{'nn_module_stack': OrderedDict({'transformer': ('transformer', <class 'transformers.models.gpt2.modeling_gpt2.GPT2Model'>)})}","[[1, 2048]]",[True],True,0.0056639999151229855,0.0056639999151229855,0.0,0.0,"(1,)",,size_1
call_function,<built-in function getitem>,{size_1: None},"(size_1, 0)",{},{},,size_1,getitem_2,False,"(31,)",,"{'nn_module_stack': OrderedDict({'transformer': ('transformer', <class 'transformers.models.gpt2.modeling_gpt2.GPT2Model'>)})}",[[1]],[True],True,0.005888000037521124,0.005888000037521124,0.0,0.0,"(1,)",,getitem_1
call_function,<built-in function getitem>,{size: None},"(size, -1)",{},{add: None},,getitem_1,add,False,"(32,)",,"{'nn_module_stack': OrderedDict({'transformer': ('transformer', <class 'transformers.models.gpt2.modeling_gpt2.GPT2Model'>)})}",[[1]],[True],True,0.0056639999151229855,0.0056639999151229855,0.0,0.0,"(1,)",,getitem_2
call_function,<built-in function add>,{getitem_2: None},"(getitem_2, 0)",{},{arange: None},,getitem_2,getattr_1,False,"(33,)",,"{'nn_module_stack': OrderedDict({'transformer': ('transformer', <class 'transformers.models.gpt2.modeling_gpt2.GPT2Model'>)})}",[[1]],[True],True,0.005824000015854836,0.005824000015854836,0.0,0.0,"(1,)",,add
call_function,<built-in function getattr>,{view: None},"(view, 'device')",{},{arange: None},,add,arange,False,"(34,)",,"{'nn_module_stack': OrderedDict({'transformer': ('transformer', <class 'transformers.models.gpt2.modeling_gpt2.GPT2Model'>)})}","[[1, 2048]]",[True],True,0.005375999957323074,0.005375999957323074,0.0,0.0,"(1,)",,getattr_1
call_function,<built-in method arange of type object at 0x7f7ac32af600>,"{add: None, getattr_1: None}","(0, add)","{'dtype': torch.int64, 'device': getattr_1}",{unsqueeze: None},,getattr_1,unsqueeze,False,"(35,)",,"{'nn_module_stack': OrderedDict({'transformer': ('transformer', <class 'transformers.models.gpt2.modeling_gpt2.GPT2Model'>)})}","[[1], [1]]","[True, True]",True,0.015231999941170216,0.015231999941170216,0.0,0.0,"(2048,)",torch.int64,arange
call_method,unsqueeze,{arange: None},"(arange, 0)",{},{transformer_wpe: None},,arange,transformer_wte,False,"(36,)",,"{'nn_module_stack': OrderedDict({'transformer': ('transformer', <class 'transformers.models.gpt2.modeling_gpt2.GPT2Model'>)})}",[[2048]],[True],True,0.007520000170916319,0.007520000170916319,0.0,0.0,"(1, 2048)",torch.int64,unsqueeze
call_module,transformer.wte,{view: None},"(view,)",{},{add_1: None},,unsqueeze,transformer_wpe,False,"(37,)",,"{'nn_module_stack': OrderedDict({'transformer': ('transformer', <class 'transformers.models.gpt2.modeling_gpt2.GPT2Model'>), 'transformer.wte': ('transformer.wte', <class 'torch.nn.modules.sparse.Embedding'>)})}","[[1, 2048]]",[True],True,2.2283909991383553,0.0778559997677803,0.7209302067756653,1.4296047925949096,"(1, 2048, 3072)",torch.float32,transformer_wte
call_module,transformer.wpe,{unsqueeze: None},"(unsqueeze,)",{},{add_1: None},,transformer_wte,add_1,False,"(38,)",,"{'nn_module_stack': OrderedDict({'transformer': ('transformer', <class 'transformers.models.gpt2.modeling_gpt2.GPT2Model'>), 'transformer.wpe': ('transformer.wpe', <class 'torch.nn.modules.sparse.Embedding'>)})}","[[1, 2048]]",[True],True,0.378048400580883,0.08937599956989288,0.2160643994808197,0.07260800153017044,"(1, 2048, 3072)",torch.float32,transformer_wpe
call_function,<built-in function add>,"{transformer_wte: None, transformer_wpe: None}","(transformer_wte, transformer_wpe)",{},{transformer_drop: None},,transformer_wpe,transformer_drop,False,"(39,)",,"{'nn_module_stack': OrderedDict({'transformer': ('transformer', <class 'transformers.models.gpt2.modeling_gpt2.GPT2Model'>)})}","[[1, 2048, 3072], [1, 2048, 3072]]","[True, True]",True,0.07705620070919394,0.07097620069980622,0.006080000009387731,0.0,"(1, 2048, 3072)",torch.float32,add_1
call_module,transformer.drop,{add_1: None},"(add_1,)",{},"{size_2: None, transformer_h_0_ln_1: None, add_10: None}",,add_1,getitem_3,False,"(40,)",,"{'nn_module_stack': OrderedDict({'transformer': ('transformer', <class 'transformers.models.gpt2.modeling_gpt2.GPT2Model'>), 'transformer.drop': ('transformer.drop', <class 'torch.nn.modules.dropout.Dropout'>)})}","[[1, 2048, 3072]]",[True],True,0.22806480377912522,0.07020819932222366,0.15785660445690156,0.0,"(1, 2048, 3072)",torch.float32,transformer_drop
call_function,<built-in function getitem>,{size: None},"(size, slice(1, None, None))",{},{add_2: None},,transformer_drop,add_2,False,"(41,)",,"{'nn_module_stack': OrderedDict({'transformer': ('transformer', <class 'transformers.models.gpt2.modeling_gpt2.GPT2Model'>)})}",[[1]],[True],True,0.005791999958455562,0.005791999958455562,0.0,0.0,"(1,)",,getitem_3
call_function,<built-in function add>,{getitem_3: None},"((-1,), getitem_3)",{},{add_3: None},,getitem_3,size_2,False,"(42,)",,"{'nn_module_stack': OrderedDict({'transformer': ('transformer', <class 'transformers.models.gpt2.modeling_gpt2.GPT2Model'>)})}",[[1]],[True],True,0.005183999985456466,0.005183999985456466,0.0,0.0,"(1,)",,add_2
call_method,size,{transformer_drop: None},"(transformer_drop, -1)",{},{add_3: None},,add_2,add_3,False,"(43,)",,"{'nn_module_stack': OrderedDict({'transformer': ('transformer', <class 'transformers.models.gpt2.modeling_gpt2.GPT2Model'>)})}","[[1, 2048, 3072]]",[True],True,0.005951999966055155,0.005951999966055155,0.0,0.0,"(1,)",,size_2
call_function,<built-in function add>,"{add_2: None, size_2: None}","(add_2, (size_2,))",{},{view_13: None},,size_2,transformer_h_0_ln_1,False,"(44,)",,"{'nn_module_stack': OrderedDict({'transformer': ('transformer', <class 'transformers.models.gpt2.modeling_gpt2.GPT2Model'>)})}","[[1], [1]]","[True, True]",True,0.005311999935656786,0.005311999935656786,0.0,0.0,"(1,)",,add_3
call_module,transformer.h.0.ln_1,{transformer_drop: None},"(transformer_drop,)",{},"{size_3: None, size_4: None, view_1: None}",,add_3,size_3,False,"(45,)",,"{'nn_module_stack': OrderedDict({'transformer': ('transformer', <class 'transformers.models.gpt2.modeling_gpt2.GPT2Model'>), 'transformer.h.0': ('transformer.h.0', <class 'transformers.models.gpt2.modeling_gpt2.GPT2Block'>), 'transformer.h.0.ln_1': ('transformer.h.0.ln_1', <class 'torch.nn.modules.normalization.LayerNorm'>)})}","[[1, 2048, 3072]]",[True],True,0.36444900091737514,0.08323220014572144,0.2503688007593155,0.03084800001233816,"(1, 2048, 3072)",torch.float32,transformer_h_0_ln_1
call_method,size,{transformer_h_0_ln_1: None},"(transformer_h_0_ln_1,)",{},{getitem_4: None},,transformer_h_0_ln_1,getitem_4,False,"(46,)",,"{'nn_module_stack': OrderedDict({'transformer': ('transformer', <class 'transformers.models.gpt2.modeling_gpt2.GPT2Model'>), 'transformer.h.0': ('transformer.h.0', <class 'transformers.models.gpt2.modeling_gpt2.GPT2Block'>), 'transformer.h.0.attn': ('transformer.h.0.attn', <class 'transformers.models.gpt2.modeling_gpt2.GPT2Attention'>), 'transformer.h.0.attn.c_attn': ('transformer.h.0.attn.c_attn', <class 'transformers.pytorch_utils.Conv1D'>)})}","[[1, 2048, 3072]]",[True],True,0.005631999950855971,0.005631999950855971,0.0,0.0,"(1,)",,size_3
call_function,<built-in function getitem>,{size_3: None},"(size_3, slice(None, -1, None))",{},{add_4: None},,size_3,add_4,False,"(47,)",,"{'nn_module_stack': OrderedDict({'transformer': ('transformer', <class 'transformers.models.gpt2.modeling_gpt2.GPT2Model'>), 'transformer.h.0': ('transformer.h.0', <class 'transformers.models.gpt2.modeling_gpt2.GPT2Block'>), 'transformer.h.0.attn': ('transformer.h.0.attn', <class 'transformers.models.gpt2.modeling_gpt2.GPT2Attention'>), 'transformer.h.0.attn.c_attn': ('transformer.h.0.attn.c_attn', <class 'transformers.pytorch_utils.Conv1D'>)})}",[[1]],[True],True,0.005887999944388866,0.005887999944388866,0.0,0.0,"(1,)",,getitem_4
call_function,<built-in function add>,{getitem_4: None},"(getitem_4, (9216,))",{},{view_2: None},,getitem_4,transformer_h_0_attn_c_attn_bias,False,"(48,)",,"{'nn_module_stack': OrderedDict({'transformer': ('transformer', <class 'transformers.models.gpt2.modeling_gpt2.GPT2Model'>), 'transformer.h.0': ('transformer.h.0', <class 'transformers.models.gpt2.modeling_gpt2.GPT2Block'>), 'transformer.h.0.attn': ('transformer.h.0.attn', <class 'transformers.models.gpt2.modeling_gpt2.GPT2Attention'>), 'transformer.h.0.attn.c_attn': ('transformer.h.0.attn.c_attn', <class 'transformers.pytorch_utils.Conv1D'>)})}",[[1]],[True],True,0.005855999980121851,0.005855999980121851,0.0,0.0,"(1,)",,add_4
get_attr,transformer.h.0.attn.c_attn.bias,{},(),{},{addmm: None},,add_4,size_4,False,"(49,)",,"{'nn_module_stack': OrderedDict({'transformer': ('transformer', <class 'transformers.models.gpt2.modeling_gpt2.GPT2Model'>), 'transformer.h.0': ('transformer.h.0', <class 'transformers.models.gpt2.modeling_gpt2.GPT2Block'>), 'transformer.h.0.attn': ('transformer.h.0.attn', <class 'transformers.models.gpt2.modeling_gpt2.GPT2Attention'>), 'transformer.h.0.attn.c_attn': ('transformer.h.0.attn.c_attn', <class 'transformers.pytorch_utils.Conv1D'>)})}",[],[],True,0.0,0.0,0.0,0.0,"(9216,)",torch.float32,transformer_h_0_attn_c_attn_bias
call_method,size,{transformer_h_0_ln_1: None},"(transformer_h_0_ln_1, -1)",{},{view_1: None},,transformer_h_0_attn_c_attn_bias,view_1,False,"(50,)",,"{'nn_module_stack': OrderedDict({'transformer': ('transformer', <class 'transformers.models.gpt2.modeling_gpt2.GPT2Model'>), 'transformer.h.0': ('transformer.h.0', <class 'transformers.models.gpt2.modeling_gpt2.GPT2Block'>), 'transformer.h.0.attn': ('transformer.h.0.attn', <class 'transformers.models.gpt2.modeling_gpt2.GPT2Attention'>), 'transformer.h.0.attn.c_attn': ('transformer.h.0.attn.c_attn', <class 'transformers.pytorch_utils.Conv1D'>)})}","[[1, 2048, 3072]]",[True],True,0.005695999972522259,0.005695999972522259,0.0,0.0,"(1,)",,size_4
call_method,view,"{transformer_h_0_ln_1: None, size_4: None}","(transformer_h_0_ln_1, -1, size_4)",{},{addmm: None},,size_4,transformer_h_0_attn_c_attn_weight,False,"(51,)",,"{'nn_module_stack': OrderedDict({'transformer': ('transformer', <class 'transformers.models.gpt2.modeling_gpt2.GPT2Model'>), 'transformer.h.0': ('transformer.h.0', <class 'transformers.models.gpt2.modeling_gpt2.GPT2Block'>), 'transformer.h.0.attn': ('transformer.h.0.attn', <class 'transformers.models.gpt2.modeling_gpt2.GPT2Attention'>), 'transformer.h.0.attn.c_attn': ('transformer.h.0.attn.c_attn', <class 'transformers.pytorch_utils.Conv1D'>)})}","[[1, 2048, 3072], [1]]","[True, True]",True,0.009440000168979168,0.009440000168979168,0.0,0.0,"(2048, 3072)",torch.float32,view_1
get_attr,transformer.h.0.attn.c_attn.weight,{},(),{},{addmm: None},,view_1,addmm,False,"(52,)",,"{'nn_module_stack': OrderedDict({'transformer': ('transformer', <class 'transformers.models.gpt2.modeling_gpt2.GPT2Model'>), 'transformer.h.0': ('transformer.h.0', <class 'transformers.models.gpt2.modeling_gpt2.GPT2Block'>), 'transformer.h.0.attn': ('transformer.h.0.attn', <class 'transformers.models.gpt2.modeling_gpt2.GPT2Attention'>), 'transformer.h.0.attn.c_attn': ('transformer.h.0.attn.c_attn', <class 'transformers.pytorch_utils.Conv1D'>)})}",[],[],True,0.0,0.0,0.0,0.0,"(3072, 9216)",torch.float32,transformer_h_0_attn_c_attn_weight
call_function,<built-in method addmm of type object at 0x7f7ac32af600>,"{transformer_h_0_attn_c_attn_bias: None, view_1: None, transformer_h_0_attn_c_attn_weight: None}","(transformer_h_0_attn_c_attn_bias, view_1, transformer_h_0_attn_c_attn_weight)",{},{view_2: None},,transformer_h_0_attn_c_attn_weight,view_2,False,"(53,)",,"{'nn_module_stack': OrderedDict({'transformer': ('transformer', <class 'transformers.models.gpt2.modeling_gpt2.GPT2Model'>), 'transformer.h.0': ('transformer.h.0', <class 'transformers.models.gpt2.modeling_gpt2.GPT2Block'>), 'transformer.h.0.attn': ('transformer.h.0.attn', <class 'transformers.models.gpt2.modeling_gpt2.GPT2Attention'>), 'transformer.h.0.attn.c_attn': ('transformer.h.0.attn.c_attn', <class 'transformers.pytorch_utils.Conv1D'>)})}","[[9216], [2048, 3072], [3072, 9216]]","[True, True, True]",True,10.611907488107681,3.864045000076294,6.484309482574463,0.26355300545692445,"(2048, 9216)",torch.float32,addmm
call_method,view,"{addmm: None, add_4: None}","(addmm, add_4)",{},{split: None},,addmm,split,False,"(54,)",,"{'nn_module_stack': OrderedDict({'transformer': ('transformer', <class 'transformers.models.gpt2.modeling_gpt2.GPT2Model'>), 'transformer.h.0': ('transformer.h.0', <class 'transformers.models.gpt2.modeling_gpt2.GPT2Block'>), 'transformer.h.0.attn': ('transformer.h.0.attn', <class 'transformers.models.gpt2.modeling_gpt2.GPT2Attention'>), 'transformer.h.0.attn.c_attn': ('transformer.h.0.attn.c_attn', <class 'transformers.pytorch_utils.Conv1D'>)})}","[[2048, 9216], [1]]","[True, True]",True,0.008831999637186528,0.008831999637186528,0.0,0.0,"(1, 2048, 9216)",torch.float32,view_2
call_method,split,{view_2: None},"(view_2, 3072)",{'dim': 2},"{getitem_5: None, getitem_6: None, getitem_7: None}",,view_2,getitem_5,False,"(55,)",,"{'nn_module_stack': OrderedDict({'transformer': ('transformer', <class 'transformers.models.gpt2.modeling_gpt2.GPT2Model'>), 'transformer.h.0': ('transformer.h.0', <class 'transformers.models.gpt2.modeling_gpt2.GPT2Block'>), 'transformer.h.0.attn': ('transformer.h.0.attn', <class 'transformers.models.gpt2.modeling_gpt2.GPT2Attention'>)})}","[[1, 2048, 9216]]",[True],True,0.015968000143766405,0.015968000143766405,0.0,0.0,"(1,)",,split
call_function,<built-in function getitem>,{split: None},"(split, 0)",{},"{size_5: None, view_3: None}",,split,getitem_6,False,"(56,)",,"{'nn_module_stack': OrderedDict({'transformer': ('transformer', <class 'transformers.models.gpt2.modeling_gpt2.GPT2Model'>), 'transformer.h.0': ('transformer.h.0', <class 'transformers.models.gpt2.modeling_gpt2.GPT2Block'>), 'transformer.h.0.attn': ('transformer.h.0.attn', <class 'transformers.models.gpt2.modeling_gpt2.GPT2Attention'>)})}",[[1]],[True],False,0.005536000151187182,0.005536000151187182,0.0,0.0,"(1, 2048, 3072)",torch.float32,getitem_5
call_function,<built-in function getitem>,{split: None},"(split, 1)",{},"{size_6: None, view_4: None}",,getitem_5,getitem_7,False,"(57,)",,"{'nn_module_stack': OrderedDict({'transformer': ('transformer', <class 'transformers.models.gpt2.modeling_gpt2.GPT2Model'>), 'transformer.h.0': ('transformer.h.0', <class 'transformers.models.gpt2.modeling_gpt2.GPT2Block'>), 'transformer.h.0.attn': ('transformer.h.0.attn', <class 'transformers.models.gpt2.modeling_gpt2.GPT2Attention'>)})}",[[1]],[True],False,0.006048000045120716,0.006048000045120716,0.0,0.0,"(1, 2048, 3072)",torch.float32,getitem_6
call_function,<built-in function getitem>,{split: None},"(split, 2)",{},"{size_7: None, view_5: None}",,getitem_6,size_5,False,"(58,)",,"{'nn_module_stack': OrderedDict({'transformer': ('transformer', <class 'transformers.models.gpt2.modeling_gpt2.GPT2Model'>), 'transformer.h.0': ('transformer.h.0', <class 'transformers.models.gpt2.modeling_gpt2.GPT2Block'>), 'transformer.h.0.attn': ('transformer.h.0.attn', <class 'transformers.models.gpt2.modeling_gpt2.GPT2Attention'>)})}",[[1]],[True],False,0.0056640000082552435,0.0056640000082552435,0.0,0.0,"(1, 2048, 3072)",torch.float32,getitem_7
call_method,size,{getitem_5: None},"(getitem_5,)",{},{getitem_8: None},,getitem_7,getitem_8,False,"(59,)",,"{'nn_module_stack': OrderedDict({'transformer': ('transformer', <class 'transformers.models.gpt2.modeling_gpt2.GPT2Model'>), 'transformer.h.0': ('transformer.h.0', <class 'transformers.models.gpt2.modeling_gpt2.GPT2Block'>), 'transformer.h.0.attn': ('transformer.h.0.attn', <class 'transformers.models.gpt2.modeling_gpt2.GPT2Attention'>)})}","[[1, 2048, 3072]]",[False],True,0.006207999959588051,0.006207999959588051,0.0,0.0,"(1,)",,size_5
call_function,<built-in function getitem>,{size_5: None},"(size_5, slice(None, -1, None))",{},{add_5: None},,size_5,add_5,False,"(60,)",,"{'nn_module_stack': OrderedDict({'transformer': ('transformer', <class 'transformers.models.gpt2.modeling_gpt2.GPT2Model'>), 'transformer.h.0': ('transformer.h.0', <class 'transformers.models.gpt2.modeling_gpt2.GPT2Block'>), 'transformer.h.0.attn': ('transformer.h.0.attn', <class 'transformers.models.gpt2.modeling_gpt2.GPT2Attention'>)})}",[[1]],[True],True,0.006303999945521355,0.006303999945521355,0.0,0.0,"(1,)",,getitem_8
call_function,<built-in function add>,{getitem_8: None},"(getitem_8, (24, 128))",{},{view_3: None},,getitem_8,view_3,False,"(61,)",,"{'nn_module_stack': OrderedDict({'transformer': ('transformer', <class 'transformers.models.gpt2.modeling_gpt2.GPT2Model'>), 'transformer.h.0': ('transformer.h.0', <class 'transformers.models.gpt2.modeling_gpt2.GPT2Block'>), 'transformer.h.0.attn': ('transformer.h.0.attn', <class 'transformers.models.gpt2.modeling_gpt2.GPT2Attention'>)})}",[[1]],[True],True,0.006175999995321035,0.006175999995321035,0.0,0.0,"(1,)",,add_5
call_method,view,"{getitem_5: None, add_5: None}","(getitem_5, add_5)",{},{permute: None},,add_5,permute,False,"(62,)",,"{'nn_module_stack': OrderedDict({'transformer': ('transformer', <class 'transformers.models.gpt2.modeling_gpt2.GPT2Model'>), 'transformer.h.0': ('transformer.h.0', <class 'transformers.models.gpt2.modeling_gpt2.GPT2Block'>), 'transformer.h.0.attn': ('transformer.h.0.attn', <class 'transformers.models.gpt2.modeling_gpt2.GPT2Attention'>)})}","[[1, 2048, 3072], [1]]","[False, True]",False,0.006912000104784965,0.006912000104784965,0.0,0.0,"(1, 2048, 24, 128)",torch.float32,view_3
call_method,permute,{view_3: None},"(view_3, 0, 2, 1, 3)",{},"{matmul: None, size_9: None}",,view_3,size_6,False,"(63,)",,"{'nn_module_stack': OrderedDict({'transformer': ('transformer', <class 'transformers.models.gpt2.modeling_gpt2.GPT2Model'>), 'transformer.h.0': ('transformer.h.0', <class 'transformers.models.gpt2.modeling_gpt2.GPT2Block'>), 'transformer.h.0.attn': ('transformer.h.0.attn', <class 'transformers.models.gpt2.modeling_gpt2.GPT2Attention'>)})}","[[1, 2048, 24, 128]]",[False],False,0.006656000018119812,0.006656000018119812,0.0,0.0,"(1, 24, 2048, 128)",torch.float32,permute
call_method,size,{getitem_6: None},"(getitem_6,)",{},{getitem_9: None},,permute,getitem_9,False,"(64,)",,"{'nn_module_stack': OrderedDict({'transformer': ('transformer', <class 'transformers.models.gpt2.modeling_gpt2.GPT2Model'>), 'transformer.h.0': ('transformer.h.0', <class 'transformers.models.gpt2.modeling_gpt2.GPT2Block'>), 'transformer.h.0.attn': ('transformer.h.0.attn', <class 'transformers.models.gpt2.modeling_gpt2.GPT2Attention'>)})}","[[1, 2048, 3072]]",[False],True,0.006303999945521355,0.006303999945521355,0.0,0.0,"(1,)",,size_6
call_function,<built-in function getitem>,{size_6: None},"(size_6, slice(None, -1, None))",{},{add_6: None},,size_6,add_6,False,"(65,)",,"{'nn_module_stack': OrderedDict({'transformer': ('transformer', <class 'transformers.models.gpt2.modeling_gpt2.GPT2Model'>), 'transformer.h.0': ('transformer.h.0', <class 'transformers.models.gpt2.modeling_gpt2.GPT2Block'>), 'transformer.h.0.attn': ('transformer.h.0.attn', <class 'transformers.models.gpt2.modeling_gpt2.GPT2Attention'>)})}",[[1]],[True],True,0.0054720000363886355,0.0054720000363886355,0.0,0.0,"(1,)",,getitem_9
call_function,<built-in function add>,{getitem_9: None},"(getitem_9, (24, 128))",{},{view_4: None},,getitem_9,view_4,False,"(66,)",,"{'nn_module_stack': OrderedDict({'transformer': ('transformer', <class 'transformers.models.gpt2.modeling_gpt2.GPT2Model'>), 'transformer.h.0': ('transformer.h.0', <class 'transformers.models.gpt2.modeling_gpt2.GPT2Block'>), 'transformer.h.0.attn': ('transformer.h.0.attn', <class 'transformers.models.gpt2.modeling_gpt2.GPT2Attention'>)})}",[[1]],[True],True,0.006239999923855067,0.006239999923855067,0.0,0.0,"(1,)",,add_6
call_method,view,"{getitem_6: None, add_6: None}","(getitem_6, add_6)",{},{permute_1: None},,add_6,permute_1,False,"(67,)",,"{'nn_module_stack': OrderedDict({'transformer': ('transformer', <class 'transformers.models.gpt2.modeling_gpt2.GPT2Model'>), 'transformer.h.0': ('transformer.h.0', <class 'transformers.models.gpt2.modeling_gpt2.GPT2Block'>), 'transformer.h.0.attn': ('transformer.h.0.attn', <class 'transformers.models.gpt2.modeling_gpt2.GPT2Attention'>)})}","[[1, 2048, 3072], [1]]","[False, True]",False,0.007423999905586243,0.007423999905586243,0.0,0.0,"(1, 2048, 24, 128)",torch.float32,view_4
call_method,permute,{view_4: None},"(view_4, 0, 2, 1, 3)",{},"{transpose: None, size_10: None}",,view_4,size_7,False,"(68,)",,"{'nn_module_stack': OrderedDict({'transformer': ('transformer', <class 'transformers.models.gpt2.modeling_gpt2.GPT2Model'>), 'transformer.h.0': ('transformer.h.0', <class 'transformers.models.gpt2.modeling_gpt2.GPT2Block'>), 'transformer.h.0.attn': ('transformer.h.0.attn', <class 'transformers.models.gpt2.modeling_gpt2.GPT2Attention'>)})}","[[1, 2048, 24, 128]]",[False],False,0.007647999934852124,0.007647999934852124,0.0,0.0,"(1, 24, 2048, 128)",torch.float32,permute_1
call_method,size,{getitem_7: None},"(getitem_7,)",{},{getitem_10: None},,permute_1,getitem_10,False,"(69,)",,"{'nn_module_stack': OrderedDict({'transformer': ('transformer', <class 'transformers.models.gpt2.modeling_gpt2.GPT2Model'>), 'transformer.h.0': ('transformer.h.0', <class 'transformers.models.gpt2.modeling_gpt2.GPT2Block'>), 'transformer.h.0.attn': ('transformer.h.0.attn', <class 'transformers.models.gpt2.modeling_gpt2.GPT2Attention'>)})}","[[1, 2048, 3072]]",[False],True,0.0068802000023424625,0.0068802000023424625,0.0,0.0,"(1,)",,size_7
call_function,<built-in function getitem>,{size_7: None},"(size_7, slice(None, -1, None))",{},{add_7: None},,size_7,add_7,False,"(70,)",,"{'nn_module_stack': OrderedDict({'transformer': ('transformer', <class 'transformers.models.gpt2.modeling_gpt2.GPT2Model'>), 'transformer.h.0': ('transformer.h.0', <class 'transformers.models.gpt2.modeling_gpt2.GPT2Block'>), 'transformer.h.0.attn': ('transformer.h.0.attn', <class 'transformers.models.gpt2.modeling_gpt2.GPT2Attention'>)})}",[[1]],[True],True,0.006304000038653612,0.006304000038653612,0.0,0.0,"(1,)",,getitem_10
call_function,<built-in function add>,{getitem_10: None},"(getitem_10, (24, 128))",{},{view_5: None},,getitem_10,view_5,False,"(71,)",,"{'nn_module_stack': OrderedDict({'transformer': ('transformer', <class 'transformers.models.gpt2.modeling_gpt2.GPT2Model'>), 'transformer.h.0': ('transformer.h.0', <class 'transformers.models.gpt2.modeling_gpt2.GPT2Block'>), 'transformer.h.0.attn': ('transformer.h.0.attn', <class 'transformers.models.gpt2.modeling_gpt2.GPT2Attention'>)})}",[[1]],[True],True,0.006783999968320131,0.006783999968320131,0.0,0.0,"(1,)",,add_7
call_method,view,"{getitem_7: None, add_7: None}","(getitem_7, add_7)",{},{permute_2: None},,add_7,permute_2,False,"(72,)",,"{'nn_module_stack': OrderedDict({'transformer': ('transformer', <class 'transformers.models.gpt2.modeling_gpt2.GPT2Model'>), 'transformer.h.0': ('transformer.h.0', <class 'transformers.models.gpt2.modeling_gpt2.GPT2Block'>), 'transformer.h.0.attn': ('transformer.h.0.attn', <class 'transformers.models.gpt2.modeling_gpt2.GPT2Attention'>)})}","[[1, 2048, 3072], [1]]","[False, True]",False,0.007199999969452619,0.007199999969452619,0.0,0.0,"(1, 2048, 24, 128)",torch.float32,view_5
call_method,permute,{view_5: None},"(view_5, 0, 2, 1, 3)",{},"{size_8: None, getattr_9: None, matmul_1: None}",,view_5,transpose,False,"(73,)",,"{'nn_module_stack': OrderedDict({'transformer': ('transformer', <class 'transformers.models.gpt2.modeling_gpt2.GPT2Model'>), 'transformer.h.0': ('transformer.h.0', <class 'transformers.models.gpt2.modeling_gpt2.GPT2Block'>), 'transformer.h.0.attn': ('transformer.h.0.attn', <class 'transformers.models.gpt2.modeling_gpt2.GPT2Attention'>)})}","[[1, 2048, 24, 128]]",[False],False,0.0071680000051856044,0.0071680000051856044,0.0,0.0,"(1, 24, 2048, 128)",torch.float32,permute_2
call_method,transpose,{permute_1: None},"(permute_1, -1, -2)",{},{matmul: None},,permute_2,matmul,False,"(74,)",,"{'nn_module_stack': OrderedDict({'transformer': ('transformer', <class 'transformers.models.gpt2.modeling_gpt2.GPT2Model'>), 'transformer.h.0': ('transformer.h.0', <class 'transformers.models.gpt2.modeling_gpt2.GPT2Block'>), 'transformer.h.0.attn': ('transformer.h.0.attn', <class 'transformers.models.gpt2.modeling_gpt2.GPT2Attention'>)})}","[[1, 24, 2048, 128]]",[False],False,0.006624200008809566,0.006624200008809566,0.0,0.0,"(1, 24, 128, 2048)",torch.float32,transpose
call_function,<built-in method matmul of type object at 0x7f7ac32af600>,"{permute: None, transpose: None}","(permute, transpose)",{},"{getattr_2: None, getattr_3: None, truediv: None}",,transpose,size_8,False,"(75,)",,"{'nn_module_stack': OrderedDict({'transformer': ('transformer', <class 'transformers.models.gpt2.modeling_gpt2.GPT2Model'>), 'transformer.h.0': ('transformer.h.0', <class 'transformers.models.gpt2.modeling_gpt2.GPT2Block'>), 'transformer.h.0.attn': ('transformer.h.0.attn', <class 'transformers.models.gpt2.modeling_gpt2.GPT2Attention'>)})}","[[1, 24, 2048, 128], [1, 24, 128, 2048]]","[False, False]",True,2.9239779553376137,0.8797789812088013,2.0441989741288125,0.0,"(1, 24, 2048, 2048)",torch.float32,matmul
call_method,size,{permute_2: None},"(permute_2, -1)",{},{pow_1: None},,matmul,pow_1,False,"(76,)",,"{'nn_module_stack': OrderedDict({'transformer': ('transformer', <class 'transformers.models.gpt2.modeling_gpt2.GPT2Model'>), 'transformer.h.0': ('transformer.h.0', <class 'transformers.models.gpt2.modeling_gpt2.GPT2Block'>), 'transformer.h.0.attn': ('transformer.h.0.attn', <class 'transformers.models.gpt2.modeling_gpt2.GPT2Attention'>)})}","[[1, 24, 2048, 128]]",[False],True,0.006080000009387731,0.006080000009387731,0.0,0.0,"(1,)",,size_8
call_function,<built-in function pow>,{size_8: None},"(size_8, 0.5)",{},{full: None},,size_8,getattr_2,False,"(77,)",,"{'nn_module_stack': OrderedDict({'transformer': ('transformer', <class 'transformers.models.gpt2.modeling_gpt2.GPT2Model'>), 'transformer.h.0': ('transformer.h.0', <class 'transformers.models.gpt2.modeling_gpt2.GPT2Block'>), 'transformer.h.0.attn': ('transformer.h.0.attn', <class 'transformers.models.gpt2.modeling_gpt2.GPT2Attention'>)})}",[[1]],[True],True,0.006527999974787235,0.006527999974787235,0.0,0.0,"(1,)",,pow_1
call_function,<built-in function getattr>,{matmul: None},"(matmul, 'dtype')",{},{full: None},,pow_1,getattr_3,False,"(78,)",,"{'nn_module_stack': OrderedDict({'transformer': ('transformer', <class 'transformers.models.gpt2.modeling_gpt2.GPT2Model'>), 'transformer.h.0': ('transformer.h.0', <class 'transformers.models.gpt2.modeling_gpt2.GPT2Block'>), 'transformer.h.0.attn': ('transformer.h.0.attn', <class 'transformers.models.gpt2.modeling_gpt2.GPT2Attention'>)})}","[[1, 24, 2048, 2048]]",[True],True,0.006400000024586916,0.006400000024586916,0.0,0.0,"(1,)",,getattr_2
call_function,<built-in function getattr>,{matmul: None},"(matmul, 'device')",{},{full: None},,getattr_2,full,False,"(79,)",,"{'nn_module_stack': OrderedDict({'transformer': ('transformer', <class 'transformers.models.gpt2.modeling_gpt2.GPT2Model'>), 'transformer.h.0': ('transformer.h.0', <class 'transformers.models.gpt2.modeling_gpt2.GPT2Block'>), 'transformer.h.0.attn': ('transformer.h.0.attn', <class 'transformers.models.gpt2.modeling_gpt2.GPT2Attention'>)})}","[[1, 24, 2048, 2048]]",[True],True,0.006431999988853932,0.006431999988853932,0.0,0.0,"(1,)",,getattr_3
call_function,<built-in method full of type object at 0x7f7ac32af600>,"{pow_1: None, getattr_2: None, getattr_3: None}","([], pow_1)","{'dtype': getattr_2, 'device': getattr_3}",{truediv: None},,getattr_3,truediv,False,"(80,)",,"{'nn_module_stack': OrderedDict({'transformer': ('transformer', <class 'transformers.models.gpt2.modeling_gpt2.GPT2Model'>), 'transformer.h.0': ('transformer.h.0', <class 'transformers.models.gpt2.modeling_gpt2.GPT2Block'>), 'transformer.h.0.attn': ('transformer.h.0.attn', <class 'transformers.models.gpt2.modeling_gpt2.GPT2Attention'>)})}","[[1], [1], [1]]","[True, True, True]",True,0.014624000154435634,0.014624000154435634,0.0,0.0,"(1,)",torch.float32,full
call_function,<built-in function truediv>,"{matmul: None, full: None}","(matmul, full)",{},"{getattr_4: None, getattr_6: None, getattr_7: None, getattr_8: None, to: None}",,full,size_9,False,"(81,)",,"{'nn_module_stack': OrderedDict({'transformer': ('transformer', <class 'transformers.models.gpt2.modeling_gpt2.GPT2Model'>), 'transformer.h.0': ('transformer.h.0', <class 'transformers.models.gpt2.modeling_gpt2.GPT2Block'>), 'transformer.h.0.attn': ('transformer.h.0.attn', <class 'transformers.models.gpt2.modeling_gpt2.GPT2Attention'>)})}","[[1, 24, 2048, 2048], [1]]","[True, True]",True,1.3100840091705321,0.6554898023605347,0.6545942068099976,0.0,"(1, 24, 2048, 2048)",torch.float32,truediv
call_method,size,{permute: None},"(permute, -2)",{},{sub: None},,truediv,size_10,False,"(82,)",,"{'nn_module_stack': OrderedDict({'transformer': ('transformer', <class 'transformers.models.gpt2.modeling_gpt2.GPT2Model'>), 'transformer.h.0': ('transformer.h.0', <class 'transformers.models.gpt2.modeling_gpt2.GPT2Block'>), 'transformer.h.0.attn': ('transformer.h.0.attn', <class 'transformers.models.gpt2.modeling_gpt2.GPT2Attention'>)})}","[[1, 24, 2048, 128]]",[False],True,0.006943999975919724,0.006943999975919724,0.0,0.0,"(1,)",,size_9
call_method,size,{permute_1: None},"(permute_1, -2)",{},"{sub: None, getitem_11: None}",,size_9,transformer_h_0_attn_bias,False,"(83,)",,"{'nn_module_stack': OrderedDict({'transformer': ('transformer', <class 'transformers.models.gpt2.modeling_gpt2.GPT2Model'>), 'transformer.h.0': ('transformer.h.0', <class 'transformers.models.gpt2.modeling_gpt2.GPT2Block'>), 'transformer.h.0.attn': ('transformer.h.0.attn', <class 'transformers.models.gpt2.modeling_gpt2.GPT2Attention'>)})}","[[1, 24, 2048, 128]]",[False],True,0.006624000053852797,0.006624000053852797,0.0,0.0,"(1,)",,size_10
get_attr,transformer.h.0.attn.bias,{},(),{},{getitem_11: None},,size_10,sub,False,"(84,)",,"{'nn_module_stack': OrderedDict({'transformer': ('transformer', <class 'transformers.models.gpt2.modeling_gpt2.GPT2Model'>), 'transformer.h.0': ('transformer.h.0', <class 'transformers.models.gpt2.modeling_gpt2.GPT2Block'>), 'transformer.h.0.attn': ('transformer.h.0.attn', <class 'transformers.models.gpt2.modeling_gpt2.GPT2Attention'>)})}",[],[],True,0.0,0.0,0.0,0.0,"(1, 1, 2048, 2048)",torch.bool,transformer_h_0_attn_bias
call_function,<built-in function sub>,"{size_10: None, size_9: None}","(size_10, size_9)",{},{getitem_11: None},,transformer_h_0_attn_bias,getitem_11,False,"(85,)",,"{'nn_module_stack': OrderedDict({'transformer': ('transformer', <class 'transformers.models.gpt2.modeling_gpt2.GPT2Model'>), 'transformer.h.0': ('transformer.h.0', <class 'transformers.models.gpt2.modeling_gpt2.GPT2Block'>), 'transformer.h.0.attn': ('transformer.h.0.attn', <class 'transformers.models.gpt2.modeling_gpt2.GPT2Attention'>)})}","[[1], [1]]","[True, True]",True,0.006112000066787004,0.006112000066787004,0.0,0.0,"(1,)",,sub
call_function,<built-in function getitem>,"{transformer_h_0_attn_bias: None, sub: None, size_10: None}","(transformer_h_0_attn_bias, (slice(None, None, None), slice(None, None, None), slice(sub, size_10, None), slice(None, size_10, None)))",{},{where: None},,sub,getattr_4,False,"(86,)",,"{'nn_module_stack': OrderedDict({'transformer': ('transformer', <class 'transformers.models.gpt2.modeling_gpt2.GPT2Model'>), 'transformer.h.0': ('transformer.h.0', <class 'transformers.models.gpt2.modeling_gpt2.GPT2Block'>), 'transformer.h.0.attn': ('transformer.h.0.attn', <class 'transformers.models.gpt2.modeling_gpt2.GPT2Attention'>)})}","[[1, 1, 2048, 2048], [1], [1]]","[True, True, True]",True,0.009600199945271014,0.009600199945271014,0.0,0.0,"(1, 1, 2048, 2048)",torch.bool,getitem_11
call_function,<built-in function getattr>,{truediv: None},"(truediv, 'dtype')",{},{finfo: None},,getitem_11,finfo,False,"(87,)",,"{'nn_module_stack': OrderedDict({'transformer': ('transformer', <class 'transformers.models.gpt2.modeling_gpt2.GPT2Model'>), 'transformer.h.0': ('transformer.h.0', <class 'transformers.models.gpt2.modeling_gpt2.GPT2Block'>), 'transformer.h.0.attn': ('transformer.h.0.attn', <class 'transformers.models.gpt2.modeling_gpt2.GPT2Attention'>)})}","[[1, 24, 2048, 2048]]",[True],True,0.006303999945521355,0.006303999945521355,0.0,0.0,"(1,)",,getattr_4
call_function,<class 'torch.finfo'>,{getattr_4: None},"(getattr_4,)",{},{getattr_5: None},,getattr_4,getattr_5,False,"(88,)",,"{'nn_module_stack': OrderedDict({'transformer': ('transformer', <class 'transformers.models.gpt2.modeling_gpt2.GPT2Model'>), 'transformer.h.0': ('transformer.h.0', <class 'transformers.models.gpt2.modeling_gpt2.GPT2Block'>), 'transformer.h.0.attn': ('transformer.h.0.attn', <class 'transformers.models.gpt2.modeling_gpt2.GPT2Attention'>)})}",[[1]],[True],True,0.006400000024586916,0.006400000024586916,0.0,0.0,"(1,)",,finfo
call_function,<built-in function getattr>,{finfo: None},"(finfo, 'min')",{},{full_1: None},,finfo,getattr_6,False,"(89,)",,"{'nn_module_stack': OrderedDict({'transformer': ('transformer', <class 'transformers.models.gpt2.modeling_gpt2.GPT2Model'>), 'transformer.h.0': ('transformer.h.0', <class 'transformers.models.gpt2.modeling_gpt2.GPT2Block'>), 'transformer.h.0.attn': ('transformer.h.0.attn', <class 'transformers.models.gpt2.modeling_gpt2.GPT2Attention'>)})}",[[1]],[True],True,0.006528000067919493,0.006528000067919493,0.0,0.0,"(1,)",,getattr_5
call_function,<built-in function getattr>,{truediv: None},"(truediv, 'dtype')",{},{full_1: None},,getattr_5,getattr_7,False,"(90,)",,"{'nn_module_stack': OrderedDict({'transformer': ('transformer', <class 'transformers.models.gpt2.modeling_gpt2.GPT2Model'>), 'transformer.h.0': ('transformer.h.0', <class 'transformers.models.gpt2.modeling_gpt2.GPT2Block'>), 'transformer.h.0.attn': ('transformer.h.0.attn', <class 'transformers.models.gpt2.modeling_gpt2.GPT2Attention'>)})}","[[1, 24, 2048, 2048]]",[True],True,0.0056640000082552435,0.0056640000082552435,0.0,0.0,"(1,)",,getattr_6
call_function,<built-in function getattr>,{truediv: None},"(truediv, 'device')",{},{full_1: None},,getattr_6,full_1,False,"(91,)",,"{'nn_module_stack': OrderedDict({'transformer': ('transformer', <class 'transformers.models.gpt2.modeling_gpt2.GPT2Model'>), 'transformer.h.0': ('transformer.h.0', <class 'transformers.models.gpt2.modeling_gpt2.GPT2Block'>), 'transformer.h.0.attn': ('transformer.h.0.attn', <class 'transformers.models.gpt2.modeling_gpt2.GPT2Attention'>)})}","[[1, 24, 2048, 2048]]",[True],True,0.0065599999390542505,0.0065599999390542505,0.0,0.0,"(1,)",,getattr_7
call_function,<built-in method full of type object at 0x7f7ac32af600>,"{getattr_5: None, getattr_6: None, getattr_7: None}","([], getattr_5)","{'dtype': getattr_6, 'device': getattr_7}",{where: None},,getattr_7,getattr_8,False,"(92,)",,"{'nn_module_stack': OrderedDict({'transformer': ('transformer', <class 'transformers.models.gpt2.modeling_gpt2.GPT2Model'>), 'transformer.h.0': ('transformer.h.0', <class 'transformers.models.gpt2.modeling_gpt2.GPT2Block'>), 'transformer.h.0.attn': ('transformer.h.0.attn', <class 'transformers.models.gpt2.modeling_gpt2.GPT2Attention'>)})}","[[1], [1], [1]]","[True, True, True]",True,0.014464200101792812,0.014464200101792812,0.0,0.0,"(1,)",torch.float32,full_1
call_function,<built-in function getattr>,{truediv: None},"(truediv, 'dtype')",{},{to: None},,full_1,to,False,"(93,)",,"{'nn_module_stack': OrderedDict({'transformer': ('transformer', <class 'transformers.models.gpt2.modeling_gpt2.GPT2Model'>), 'transformer.h.0': ('transformer.h.0', <class 'transformers.models.gpt2.modeling_gpt2.GPT2Block'>), 'transformer.h.0.attn': ('transformer.h.0.attn', <class 'transformers.models.gpt2.modeling_gpt2.GPT2Attention'>)})}","[[1, 24, 2048, 2048]]",[True],True,0.006336000002920628,0.006336000002920628,0.0,0.0,"(1,)",,getattr_8
call_method,to,"{truediv: None, getattr_8: None}","(truediv, getattr_8)",{},{where: None},,getattr_8,where,False,"(94,)",,"{'nn_module_stack': OrderedDict({'transformer': ('transformer', <class 'transformers.models.gpt2.modeling_gpt2.GPT2Model'>), 'transformer.h.0': ('transformer.h.0', <class 'transformers.models.gpt2.modeling_gpt2.GPT2Block'>), 'transformer.h.0.attn': ('transformer.h.0.attn', <class 'transformers.models.gpt2.modeling_gpt2.GPT2Attention'>)})}","[[1, 24, 2048, 2048], [1]]","[True, True]",True,0.006912000011652708,0.006912000011652708,0.0,0.0,"(1, 24, 2048, 2048)",torch.float32,to
call_function,<built-in method where of type object at 0x7f7ac32af600>,"{getitem_11: None, to: None, full_1: None}","(getitem_11, to, full_1)",{},{softmax: None},,to,softmax,False,"(95,)",,"{'nn_module_stack': OrderedDict({'transformer': ('transformer', <class 'transformers.models.gpt2.modeling_gpt2.GPT2Model'>), 'transformer.h.0': ('transformer.h.0', <class 'transformers.models.gpt2.modeling_gpt2.GPT2Block'>), 'transformer.h.0.attn': ('transformer.h.0.attn', <class 'transformers.models.gpt2.modeling_gpt2.GPT2Attention'>)})}","[[1, 1, 2048, 2048], [1, 24, 2048, 2048], [1]]","[True, True, True]",True,1.5456689953804017,0.7802584052085877,0.765410590171814,0.0,"(1, 24, 2048, 2048)",torch.float32,where
call_function,<function softmax at 0x7f7831494040>,{where: None},"(where,)","{'dim': -1, '_stacklevel': 3, 'dtype': None}",{type_1: None},,where,getattr_9,False,"(96,)",,"{'nn_module_stack': OrderedDict({'transformer': ('transformer', <class 'transformers.models.gpt2.modeling_gpt2.GPT2Model'>), 'transformer.h.0': ('transformer.h.0', <class 'transformers.models.gpt2.modeling_gpt2.GPT2Block'>), 'transformer.h.0.attn': ('transformer.h.0.attn', <class 'transformers.models.gpt2.modeling_gpt2.GPT2Attention'>)})}","[[1, 24, 2048, 2048]]",[True],True,3.3584429264068603,1.2987882137298583,2.059654712677002,0.0,"(1, 24, 2048, 2048)",torch.float32,softmax
call_function,<built-in function getattr>,{permute_2: None},"(permute_2, 'dtype')",{},{type_1: None},,softmax,type_1,False,"(97,)",,"{'nn_module_stack': OrderedDict({'transformer': ('transformer', <class 'transformers.models.gpt2.modeling_gpt2.GPT2Model'>), 'transformer.h.0': ('transformer.h.0', <class 'transformers.models.gpt2.modeling_gpt2.GPT2Block'>), 'transformer.h.0.attn': ('transformer.h.0.attn', <class 'transformers.models.gpt2.modeling_gpt2.GPT2Attention'>)})}","[[1, 24, 2048, 128]]",[False],True,0.0051520000211894516,0.0051520000211894516,0.0,0.0,"(1,)",,getattr_9
call_method,type,"{softmax: None, getattr_9: None}","(softmax, getattr_9)",{},{transformer_h_0_attn_attn_dropout: None},,getattr_9,transformer_h_0_attn_attn_dropout,False,"(98,)",,"{'nn_module_stack': OrderedDict({'transformer': ('transformer', <class 'transformers.models.gpt2.modeling_gpt2.GPT2Model'>), 'transformer.h.0': ('transformer.h.0', <class 'transformers.models.gpt2.modeling_gpt2.GPT2Block'>), 'transformer.h.0.attn': ('transformer.h.0.attn', <class 'transformers.models.gpt2.modeling_gpt2.GPT2Attention'>)})}","[[1, 24, 2048, 2048], [1]]","[True, True]",True,0.0067200000397861,0.0067200000397861,0.0,0.0,"(1, 24, 2048, 2048)",torch.float32,type_1
call_module,transformer.h.0.attn.attn_dropout,{type_1: None},"(type_1,)",{},{matmul_1: None},,type_1,matmul_1,False,"(99,)",,"{'nn_module_stack': OrderedDict({'transformer': ('transformer', <class 'transformers.models.gpt2.modeling_gpt2.GPT2Model'>), 'transformer.h.0': ('transformer.h.0', <class 'transformers.models.gpt2.modeling_gpt2.GPT2Block'>), 'transformer.h.0.attn': ('transformer.h.0.attn', <class 'transformers.models.gpt2.modeling_gpt2.GPT2Attention'>), 'transformer.h.0.attn.attn_dropout': ('transformer.h.0.attn.attn_dropout', <class 'torch.nn.modules.dropout.Dropout'>)})}","[[1, 24, 2048, 2048]]",[True],True,3.023146188259125,0.8318107962608338,2.191335391998291,0.0,"(1, 24, 2048, 2048)",torch.float32,transformer_h_0_attn_attn_dropout
call_function,<built-in method matmul of type object at 0x7f7ac32af600>,"{transformer_h_0_attn_attn_dropout: None, permute_2: None}","(transformer_h_0_attn_attn_dropout, permute_2)",{},{permute_3: None},,transformer_h_0_attn_attn_dropout,permute_3,False,"(100,)",,"{'nn_module_stack': OrderedDict({'transformer': ('transformer', <class 'transformers.models.gpt2.modeling_gpt2.GPT2Model'>), 'transformer.h.0': ('transformer.h.0', <class 'transformers.models.gpt2.modeling_gpt2.GPT2Block'>), 'transformer.h.0.attn': ('transformer.h.0.attn', <class 'transformers.models.gpt2.modeling_gpt2.GPT2Attention'>)})}","[[1, 24, 2048, 2048], [1, 24, 2048, 128]]","[True, False]",True,2.577288591209799,0.8826267957687378,1.6946617954410612,0.0,"(1, 24, 2048, 128)",torch.float32,matmul_1
call_method,permute,{matmul_1: None},"(matmul_1, 0, 2, 1, 3)",{},{contiguous: None},,matmul_1,contiguous,False,"(101,)",,"{'nn_module_stack': OrderedDict({'transformer': ('transformer', <class 'transformers.models.gpt2.modeling_gpt2.GPT2Model'>), 'transformer.h.0': ('transformer.h.0', <class 'transformers.models.gpt2.modeling_gpt2.GPT2Block'>), 'transformer.h.0.attn': ('transformer.h.0.attn', <class 'transformers.models.gpt2.modeling_gpt2.GPT2Attention'>)})}","[[1, 24, 2048, 128]]",[True],False,0.007392000034451484,0.007392000034451484,0.0,0.0,"(1, 2048, 24, 128)",torch.float32,permute_3
call_method,contiguous,{permute_3: None},"(permute_3,)",{},"{size_11: None, view_6: None}",,permute_3,size_11,False,"(102,)",,"{'nn_module_stack': OrderedDict({'transformer': ('transformer', <class 'transformers.models.gpt2.modeling_gpt2.GPT2Model'>), 'transformer.h.0': ('transformer.h.0', <class 'transformers.models.gpt2.modeling_gpt2.GPT2Block'>), 'transformer.h.0.attn': ('transformer.h.0.attn', <class 'transformers.models.gpt2.modeling_gpt2.GPT2Attention'>)})}","[[1, 2048, 24, 128]]",[False],True,0.0756164014339447,0.0756164014339447,0.0,0.0,"(1, 2048, 24, 128)",torch.float32,contiguous
call_method,size,{contiguous: None},"(contiguous,)",{},{getitem_12: None},,contiguous,getitem_12,False,"(103,)",,"{'nn_module_stack': OrderedDict({'transformer': ('transformer', <class 'transformers.models.gpt2.modeling_gpt2.GPT2Model'>), 'transformer.h.0': ('transformer.h.0', <class 'transformers.models.gpt2.modeling_gpt2.GPT2Block'>), 'transformer.h.0.attn': ('transformer.h.0.attn', <class 'transformers.models.gpt2.modeling_gpt2.GPT2Attention'>)})}","[[1, 2048, 24, 128]]",[True],True,0.0057599999941885475,0.0057599999941885475,0.0,0.0,"(1,)",,size_11
call_function,<built-in function getitem>,{size_11: None},"(size_11, slice(None, -2, None))",{},{add_8: None},,size_11,add_8,False,"(104,)",,"{'nn_module_stack': OrderedDict({'transformer': ('transformer', <class 'transformers.models.gpt2.modeling_gpt2.GPT2Model'>), 'transformer.h.0': ('transformer.h.0', <class 'transformers.models.gpt2.modeling_gpt2.GPT2Block'>), 'transformer.h.0.attn': ('transformer.h.0.attn', <class 'transformers.models.gpt2.modeling_gpt2.GPT2Attention'>)})}",[[1]],[True],True,0.005632000137120485,0.005632000137120485,0.0,0.0,"(1,)",,getitem_12
call_function,<built-in function add>,{getitem_12: None},"(getitem_12, (3072,))",{},{view_6: None},,getitem_12,view_6,False,"(105,)",,"{'nn_module_stack': OrderedDict({'transformer': ('transformer', <class 'transformers.models.gpt2.modeling_gpt2.GPT2Model'>), 'transformer.h.0': ('transformer.h.0', <class 'transformers.models.gpt2.modeling_gpt2.GPT2Block'>), 'transformer.h.0.attn': ('transformer.h.0.attn', <class 'transformers.models.gpt2.modeling_gpt2.GPT2Attention'>)})}",[[1]],[True],True,0.006143999937921763,0.006143999937921763,0.0,0.0,"(1,)",,add_8
call_method,view,"{contiguous: None, add_8: None}","(contiguous, add_8)",{},"{size_12: None, size_13: None, view_7: None}",,add_8,size_12,False,"(106,)",,"{'nn_module_stack': OrderedDict({'transformer': ('transformer', <class 'transformers.models.gpt2.modeling_gpt2.GPT2Model'>), 'transformer.h.0': ('transformer.h.0', <class 'transformers.models.gpt2.modeling_gpt2.GPT2Block'>), 'transformer.h.0.attn': ('transformer.h.0.attn', <class 'transformers.models.gpt2.modeling_gpt2.GPT2Attention'>)})}","[[1, 2048, 24, 128], [1]]","[True, True]",True,0.0070719999261200425,0.0070719999261200425,0.0,0.0,"(1, 2048, 3072)",torch.float32,view_6
call_method,size,{view_6: None},"(view_6,)",{},{getitem_13: None},,view_6,getitem_13,False,"(107,)",,"{'nn_module_stack': OrderedDict({'transformer': ('transformer', <class 'transformers.models.gpt2.modeling_gpt2.GPT2Model'>), 'transformer.h.0': ('transformer.h.0', <class 'transformers.models.gpt2.modeling_gpt2.GPT2Block'>), 'transformer.h.0.attn': ('transformer.h.0.attn', <class 'transformers.models.gpt2.modeling_gpt2.GPT2Attention'>), 'transformer.h.0.attn.c_proj': ('transformer.h.0.attn.c_proj', <class 'transformers.pytorch_utils.Conv1D'>)})}","[[1, 2048, 3072]]",[True],True,0.0066559999249875546,0.0066559999249875546,0.0,0.0,"(1,)",,size_12
call_function,<built-in function getitem>,{size_12: None},"(size_12, slice(None, -1, None))",{},{add_9: None},,size_12,add_9,False,"(108,)",,"{'nn_module_stack': OrderedDict({'transformer': ('transformer', <class 'transformers.models.gpt2.modeling_gpt2.GPT2Model'>), 'transformer.h.0': ('transformer.h.0', <class 'transformers.models.gpt2.modeling_gpt2.GPT2Block'>), 'transformer.h.0.attn': ('transformer.h.0.attn', <class 'transformers.models.gpt2.modeling_gpt2.GPT2Attention'>), 'transformer.h.0.attn.c_proj': ('transformer.h.0.attn.c_proj', <class 'transformers.pytorch_utils.Conv1D'>)})}",[[1]],[True],True,0.005184000078588724,0.005184000078588724,0.0,0.0,"(1,)",,getitem_13
call_function,<built-in function add>,{getitem_13: None},"(getitem_13, (3072,))",{},{view_8: None},,getitem_13,transformer_h_0_attn_c_proj_bias,False,"(109,)",,"{'nn_module_stack': OrderedDict({'transformer': ('transformer', <class 'transformers.models.gpt2.modeling_gpt2.GPT2Model'>), 'transformer.h.0': ('transformer.h.0', <class 'transformers.models.gpt2.modeling_gpt2.GPT2Block'>), 'transformer.h.0.attn': ('transformer.h.0.attn', <class 'transformers.models.gpt2.modeling_gpt2.GPT2Attention'>), 'transformer.h.0.attn.c_proj': ('transformer.h.0.attn.c_proj', <class 'transformers.pytorch_utils.Conv1D'>)})}",[[1]],[True],True,0.005824000108987093,0.005824000108987093,0.0,0.0,"(1,)",,add_9
get_attr,transformer.h.0.attn.c_proj.bias,{},(),{},{addmm_1: None},,add_9,size_13,False,"(110,)",,"{'nn_module_stack': OrderedDict({'transformer': ('transformer', <class 'transformers.models.gpt2.modeling_gpt2.GPT2Model'>), 'transformer.h.0': ('transformer.h.0', <class 'transformers.models.gpt2.modeling_gpt2.GPT2Block'>), 'transformer.h.0.attn': ('transformer.h.0.attn', <class 'transformers.models.gpt2.modeling_gpt2.GPT2Attention'>), 'transformer.h.0.attn.c_proj': ('transformer.h.0.attn.c_proj', <class 'transformers.pytorch_utils.Conv1D'>)})}",[],[],True,0.0,0.0,0.0,0.0,"(3072,)",torch.float32,transformer_h_0_attn_c_proj_bias
call_method,size,{view_6: None},"(view_6, -1)",{},{view_7: None},,transformer_h_0_attn_c_proj_bias,view_7,False,"(111,)",,"{'nn_module_stack': OrderedDict({'transformer': ('transformer', <class 'transformers.models.gpt2.modeling_gpt2.GPT2Model'>), 'transformer.h.0': ('transformer.h.0', <class 'transformers.models.gpt2.modeling_gpt2.GPT2Block'>), 'transformer.h.0.attn': ('transformer.h.0.attn', <class 'transformers.models.gpt2.modeling_gpt2.GPT2Attention'>), 'transformer.h.0.attn.c_proj': ('transformer.h.0.attn.c_proj', <class 'transformers.pytorch_utils.Conv1D'>)})}","[[1, 2048, 3072]]",[True],True,0.005951999966055155,0.005951999966055155,0.0,0.0,"(1,)",,size_13
call_method,view,"{view_6: None, size_13: None}","(view_6, -1, size_13)",{},{addmm_1: None},,size_13,transformer_h_0_attn_c_proj_weight,False,"(112,)",,"{'nn_module_stack': OrderedDict({'transformer': ('transformer', <class 'transformers.models.gpt2.modeling_gpt2.GPT2Model'>), 'transformer.h.0': ('transformer.h.0', <class 'transformers.models.gpt2.modeling_gpt2.GPT2Block'>), 'transformer.h.0.attn': ('transformer.h.0.attn', <class 'transformers.models.gpt2.modeling_gpt2.GPT2Attention'>), 'transformer.h.0.attn.c_proj': ('transformer.h.0.attn.c_proj', <class 'transformers.pytorch_utils.Conv1D'>)})}","[[1, 2048, 3072], [1]]","[True, True]",True,0.008000000100582837,0.008000000100582837,0.0,0.0,"(2048, 3072)",torch.float32,view_7
get_attr,transformer.h.0.attn.c_proj.weight,{},(),{},{addmm_1: None},,view_7,addmm_1,False,"(113,)",,"{'nn_module_stack': OrderedDict({'transformer': ('transformer', <class 'transformers.models.gpt2.modeling_gpt2.GPT2Model'>), 'transformer.h.0': ('transformer.h.0', <class 'transformers.models.gpt2.modeling_gpt2.GPT2Block'>), 'transformer.h.0.attn': ('transformer.h.0.attn', <class 'transformers.models.gpt2.modeling_gpt2.GPT2Attention'>), 'transformer.h.0.attn.c_proj': ('transformer.h.0.attn.c_proj', <class 'transformers.pytorch_utils.Conv1D'>)})}",[],[],True,0.0,0.0,0.0,0.0,"(3072, 3072)",torch.float32,transformer_h_0_attn_c_proj_weight
call_function,<built-in method addmm of type object at 0x7f7ac32af600>,"{transformer_h_0_attn_c_proj_bias: None, view_7: None, transformer_h_0_attn_c_proj_weight: None}","(transformer_h_0_attn_c_proj_bias, view_7, transformer_h_0_attn_c_proj_weight)",{},{view_8: None},,transformer_h_0_attn_c_proj_weight,view_8,False,"(114,)",,"{'nn_module_stack': OrderedDict({'transformer': ('transformer', <class 'transformers.models.gpt2.modeling_gpt2.GPT2Model'>), 'transformer.h.0': ('transformer.h.0', <class 'transformers.models.gpt2.modeling_gpt2.GPT2Block'>), 'transformer.h.0.attn': ('transformer.h.0.attn', <class 'transformers.models.gpt2.modeling_gpt2.GPT2Attention'>), 'transformer.h.0.attn.c_proj': ('transformer.h.0.attn.c_proj', <class 'transformers.pytorch_utils.Conv1D'>)})}","[[3072], [2048, 3072], [3072, 3072]]","[True, True, True]",True,3.5482039973139763,1.2329642057418824,2.2152391910552978,0.10000060051679611,"(2048, 3072)",torch.float32,addmm_1
call_method,view,"{addmm_1: None, add_9: None}","(addmm_1, add_9)",{},{transformer_h_0_attn_resid_dropout: None},,addmm_1,transformer_h_0_attn_resid_dropout,False,"(115,)",,"{'nn_module_stack': OrderedDict({'transformer': ('transformer', <class 'transformers.models.gpt2.modeling_gpt2.GPT2Model'>), 'transformer.h.0': ('transformer.h.0', <class 'transformers.models.gpt2.modeling_gpt2.GPT2Block'>), 'transformer.h.0.attn': ('transformer.h.0.attn', <class 'transformers.models.gpt2.modeling_gpt2.GPT2Attention'>), 'transformer.h.0.attn.c_proj': ('transformer.h.0.attn.c_proj', <class 'transformers.pytorch_utils.Conv1D'>)})}","[[2048, 3072], [1]]","[True, True]",True,0.006495999917387962,0.006495999917387962,0.0,0.0,"(1, 2048, 3072)",torch.float32,view_8
call_module,transformer.h.0.attn.resid_dropout,{view_8: None},"(view_8,)",{},{add_10: None},,view_8,add_10,False,"(116,)",,"{'nn_module_stack': OrderedDict({'transformer': ('transformer', <class 'transformers.models.gpt2.modeling_gpt2.GPT2Model'>), 'transformer.h.0': ('transformer.h.0', <class 'transformers.models.gpt2.modeling_gpt2.GPT2Block'>), 'transformer.h.0.attn': ('transformer.h.0.attn', <class 'transformers.models.gpt2.modeling_gpt2.GPT2Attention'>), 'transformer.h.0.attn.resid_dropout': ('transformer.h.0.attn.resid_dropout', <class 'torch.nn.modules.dropout.Dropout'>)})}","[[1, 2048, 3072]]",[True],True,0.2272963970899582,0.0703359991312027,0.1569603979587555,0.0,"(1, 2048, 3072)",torch.float32,transformer_h_0_attn_resid_dropout
call_function,<built-in function add>,"{transformer_h_0_attn_resid_dropout: None, transformer_drop: None}","(transformer_h_0_attn_resid_dropout, transformer_drop)",{},"{transformer_h_0_ln_2: None, add_15: None}",,transformer_h_0_attn_resid_dropout,transformer_h_0_ln_2,False,"(117,)",,"{'nn_module_stack': OrderedDict({'transformer': ('transformer', <class 'transformers.models.gpt2.modeling_gpt2.GPT2Model'>), 'transformer.h.0': ('transformer.h.0', <class 'transformers.models.gpt2.modeling_gpt2.GPT2Block'>)})}","[[1, 2048, 3072], [1, 2048, 3072]]","[True, True]",True,0.07875200072303415,0.07209600061178208,0.00665600011125207,0.0,"(1, 2048, 3072)",torch.float32,add_10
call_module,transformer.h.0.ln_2,{add_10: None},"(add_10,)",{},"{size_14: None, size_15: None, view_9: None}",,add_10,size_14,False,"(118,)",,"{'nn_module_stack': OrderedDict({'transformer': ('transformer', <class 'transformers.models.gpt2.modeling_gpt2.GPT2Model'>), 'transformer.h.0': ('transformer.h.0', <class 'transformers.models.gpt2.modeling_gpt2.GPT2Block'>), 'transformer.h.0.ln_2': ('transformer.h.0.ln_2', <class 'torch.nn.modules.normalization.LayerNorm'>)})}","[[1, 2048, 3072]]",[True],True,0.36819280218333006,0.08752000182867051,0.2474566012620926,0.03321619909256697,"(1, 2048, 3072)",torch.float32,transformer_h_0_ln_2
call_method,size,{transformer_h_0_ln_2: None},"(transformer_h_0_ln_2,)",{},{getitem_14: None},,transformer_h_0_ln_2,getitem_14,False,"(119,)",,"{'nn_module_stack': OrderedDict({'transformer': ('transformer', <class 'transformers.models.gpt2.modeling_gpt2.GPT2Model'>), 'transformer.h.0': ('transformer.h.0', <class 'transformers.models.gpt2.modeling_gpt2.GPT2Block'>), 'transformer.h.0.mlp': ('transformer.h.0.mlp', <class 'transformers.models.gpt2.modeling_gpt2.GPT2MLP'>), 'transformer.h.0.mlp.c_fc': ('transformer.h.0.mlp.c_fc', <class 'transformers.pytorch_utils.Conv1D'>)})}","[[1, 2048, 3072]]",[True],True,0.006175999995321035,0.006175999995321035,0.0,0.0,"(1,)",,size_14
call_function,<built-in function getitem>,{size_14: None},"(size_14, slice(None, -1, None))",{},{add_11: None},,size_14,add_11,False,"(120,)",,"{'nn_module_stack': OrderedDict({'transformer': ('transformer', <class 'transformers.models.gpt2.modeling_gpt2.GPT2Model'>), 'transformer.h.0': ('transformer.h.0', <class 'transformers.models.gpt2.modeling_gpt2.GPT2Block'>), 'transformer.h.0.mlp': ('transformer.h.0.mlp', <class 'transformers.models.gpt2.modeling_gpt2.GPT2MLP'>), 'transformer.h.0.mlp.c_fc': ('transformer.h.0.mlp.c_fc', <class 'transformers.pytorch_utils.Conv1D'>)})}",[[1]],[True],True,0.005952000059187413,0.005952000059187413,0.0,0.0,"(1,)",,getitem_14
call_function,<built-in function add>,{getitem_14: None},"(getitem_14, (12288,))",{},{view_10: None},,getitem_14,transformer_h_0_mlp_c_fc_bias,False,"(121,)",,"{'nn_module_stack': OrderedDict({'transformer': ('transformer', <class 'transformers.models.gpt2.modeling_gpt2.GPT2Model'>), 'transformer.h.0': ('transformer.h.0', <class 'transformers.models.gpt2.modeling_gpt2.GPT2Block'>), 'transformer.h.0.mlp': ('transformer.h.0.mlp', <class 'transformers.models.gpt2.modeling_gpt2.GPT2MLP'>), 'transformer.h.0.mlp.c_fc': ('transformer.h.0.mlp.c_fc', <class 'transformers.pytorch_utils.Conv1D'>)})}",[[1]],[True],True,0.0064639999531209465,0.0064639999531209465,0.0,0.0,"(1,)",,add_11
get_attr,transformer.h.0.mlp.c_fc.bias,{},(),{},{addmm_2: None},,add_11,size_15,False,"(122,)",,"{'nn_module_stack': OrderedDict({'transformer': ('transformer', <class 'transformers.models.gpt2.modeling_gpt2.GPT2Model'>), 'transformer.h.0': ('transformer.h.0', <class 'transformers.models.gpt2.modeling_gpt2.GPT2Block'>), 'transformer.h.0.mlp': ('transformer.h.0.mlp', <class 'transformers.models.gpt2.modeling_gpt2.GPT2MLP'>), 'transformer.h.0.mlp.c_fc': ('transformer.h.0.mlp.c_fc', <class 'transformers.pytorch_utils.Conv1D'>)})}",[],[],True,0.0,0.0,0.0,0.0,"(12288,)",torch.float32,transformer_h_0_mlp_c_fc_bias
call_method,size,{transformer_h_0_ln_2: None},"(transformer_h_0_ln_2, -1)",{},{view_9: None},,transformer_h_0_mlp_c_fc_bias,view_9,False,"(123,)",,"{'nn_module_stack': OrderedDict({'transformer': ('transformer', <class 'transformers.models.gpt2.modeling_gpt2.GPT2Model'>), 'transformer.h.0': ('transformer.h.0', <class 'transformers.models.gpt2.modeling_gpt2.GPT2Block'>), 'transformer.h.0.mlp': ('transformer.h.0.mlp', <class 'transformers.models.gpt2.modeling_gpt2.GPT2MLP'>), 'transformer.h.0.mlp.c_fc': ('transformer.h.0.mlp.c_fc', <class 'transformers.pytorch_utils.Conv1D'>)})}","[[1, 2048, 3072]]",[True],True,0.006783999968320131,0.006783999968320131,0.0,0.0,"(1,)",,size_15
call_method,view,"{transformer_h_0_ln_2: None, size_15: None}","(transformer_h_0_ln_2, -1, size_15)",{},{addmm_2: None},,size_15,transformer_h_0_mlp_c_fc_weight,False,"(124,)",,"{'nn_module_stack': OrderedDict({'transformer': ('transformer', <class 'transformers.models.gpt2.modeling_gpt2.GPT2Model'>), 'transformer.h.0': ('transformer.h.0', <class 'transformers.models.gpt2.modeling_gpt2.GPT2Block'>), 'transformer.h.0.mlp': ('transformer.h.0.mlp', <class 'transformers.models.gpt2.modeling_gpt2.GPT2MLP'>), 'transformer.h.0.mlp.c_fc': ('transformer.h.0.mlp.c_fc', <class 'transformers.pytorch_utils.Conv1D'>)})}","[[1, 2048, 3072], [1]]","[True, True]",True,0.007039999961853028,0.007039999961853028,0.0,0.0,"(2048, 3072)",torch.float32,view_9
get_attr,transformer.h.0.mlp.c_fc.weight,{},(),{},{addmm_2: None},,view_9,addmm_2,False,"(125,)",,"{'nn_module_stack': OrderedDict({'transformer': ('transformer', <class 'transformers.models.gpt2.modeling_gpt2.GPT2Model'>), 'transformer.h.0': ('transformer.h.0', <class 'transformers.models.gpt2.modeling_gpt2.GPT2Block'>), 'transformer.h.0.mlp': ('transformer.h.0.mlp', <class 'transformers.models.gpt2.modeling_gpt2.GPT2MLP'>), 'transformer.h.0.mlp.c_fc': ('transformer.h.0.mlp.c_fc', <class 'transformers.pytorch_utils.Conv1D'>)})}",[],[],True,0.0,0.0,0.0,0.0,"(3072, 12288)",torch.float32,transformer_h_0_mlp_c_fc_weight
call_function,<built-in method addmm of type object at 0x7f7ac32af600>,"{transformer_h_0_mlp_c_fc_bias: None, view_9: None, transformer_h_0_mlp_c_fc_weight: None}","(transformer_h_0_mlp_c_fc_bias, view_9, transformer_h_0_mlp_c_fc_weight)",{},{view_10: None},,transformer_h_0_mlp_c_fc_weight,view_10,False,"(126,)",,"{'nn_module_stack': OrderedDict({'transformer': ('transformer', <class 'transformers.models.gpt2.modeling_gpt2.GPT2Model'>), 'transformer.h.0': ('transformer.h.0', <class 'transformers.models.gpt2.modeling_gpt2.GPT2Block'>), 'transformer.h.0.mlp': ('transformer.h.0.mlp', <class 'transformers.models.gpt2.modeling_gpt2.GPT2MLP'>), 'transformer.h.0.mlp.c_fc': ('transformer.h.0.mlp.c_fc', <class 'transformers.pytorch_utils.Conv1D'>)})}","[[12288], [2048, 3072], [3072, 12288]]","[True, True, True]",True,14.079567867517472,5.20753755569458,8.515005111694336,0.3570252001285553,"(2048, 12288)",torch.float32,addmm_2
call_method,view,"{addmm_2: None, add_11: None}","(addmm_2, add_11)",{},"{mul: None, pow_2: None, add_12: None}",,addmm_2,mul,False,"(127,)",,"{'nn_module_stack': OrderedDict({'transformer': ('transformer', <class 'transformers.models.gpt2.modeling_gpt2.GPT2Model'>), 'transformer.h.0': ('transformer.h.0', <class 'transformers.models.gpt2.modeling_gpt2.GPT2Block'>), 'transformer.h.0.mlp': ('transformer.h.0.mlp', <class 'transformers.models.gpt2.modeling_gpt2.GPT2MLP'>), 'transformer.h.0.mlp.c_fc': ('transformer.h.0.mlp.c_fc', <class 'transformers.pytorch_utils.Conv1D'>)})}","[[2048, 12288], [1]]","[True, True]",True,0.007232199981808662,0.007232199981808662,0.0,0.0,"(1, 2048, 12288)",torch.float32,view_10
call_function,<built-in function mul>,{view_10: None},"(0.5, view_10)",{},{mul_3: None},,view_10,pow_2,False,"(128,)",,"{'nn_module_stack': OrderedDict({'transformer': ('transformer', <class 'transformers.models.gpt2.modeling_gpt2.GPT2Model'>), 'transformer.h.0': ('transformer.h.0', <class 'transformers.models.gpt2.modeling_gpt2.GPT2Block'>), 'transformer.h.0.mlp': ('transformer.h.0.mlp', <class 'transformers.models.gpt2.modeling_gpt2.GPT2MLP'>), 'transformer.h.0.mlp.act': ('transformer.h.0.mlp.act', <class 'transformers.activations.NewGELUActivation'>)})}","[[1, 2048, 12288]]",[True],True,0.3032007992267609,0.15334439873695374,0.14985640048980714,0.0,"(1, 2048, 12288)",torch.float32,mul
call_function,<built-in method pow of type object at 0x7f7ac32af600>,{view_10: None},"(view_10, 3.0)",{},{mul_1: None},,mul,mul_1,False,"(129,)",,"{'nn_module_stack': OrderedDict({'transformer': ('transformer', <class 'transformers.models.gpt2.modeling_gpt2.GPT2Model'>), 'transformer.h.0': ('transformer.h.0', <class 'transformers.models.gpt2.modeling_gpt2.GPT2Block'>), 'transformer.h.0.mlp': ('transformer.h.0.mlp', <class 'transformers.models.gpt2.modeling_gpt2.GPT2MLP'>), 'transformer.h.0.mlp.act': ('transformer.h.0.mlp.act', <class 'transformers.activations.NewGELUActivation'>)})}","[[1, 2048, 12288]]",[True],True,0.6813140124082565,0.1580484002828598,0.5232656121253967,0.0,"(1, 2048, 12288)",torch.float32,pow_2
call_function,<built-in function mul>,{pow_2: None},"(0.044715, pow_2)",{},{add_12: None},,pow_2,add_12,False,"(130,)",,"{'nn_module_stack': OrderedDict({'transformer': ('transformer', <class 'transformers.models.gpt2.modeling_gpt2.GPT2Model'>), 'transformer.h.0': ('transformer.h.0', <class 'transformers.models.gpt2.modeling_gpt2.GPT2Block'>), 'transformer.h.0.mlp': ('transformer.h.0.mlp', <class 'transformers.models.gpt2.modeling_gpt2.GPT2MLP'>), 'transformer.h.0.mlp.act': ('transformer.h.0.mlp.act', <class 'transformers.activations.NewGELUActivation'>)})}","[[1, 2048, 12288]]",[True],True,0.31228879690170286,0.15596859753131867,0.15632019937038422,0.0,"(1, 2048, 12288)",torch.float32,mul_1
call_function,<built-in function add>,"{view_10: None, mul_1: None}","(view_10, mul_1)",{},{mul_2: None},,mul_1,mul_2,False,"(131,)",,"{'nn_module_stack': OrderedDict({'transformer': ('transformer', <class 'transformers.models.gpt2.modeling_gpt2.GPT2Model'>), 'transformer.h.0': ('transformer.h.0', <class 'transformers.models.gpt2.modeling_gpt2.GPT2Block'>), 'transformer.h.0.mlp': ('transformer.h.0.mlp', <class 'transformers.models.gpt2.modeling_gpt2.GPT2MLP'>), 'transformer.h.0.mlp.act': ('transformer.h.0.mlp.act', <class 'transformers.activations.NewGELUActivation'>)})}","[[1, 2048, 12288], [1, 2048, 12288]]","[True, True]",True,0.26112060295417905,0.25491260290145873,0.006208000052720308,0.0,"(1, 2048, 12288)",torch.float32,add_12
call_function,<built-in function mul>,{add_12: None},"(0.7978845608028654, add_12)",{},{tanh: None},,add_12,tanh,False,"(132,)",,"{'nn_module_stack': OrderedDict({'transformer': ('transformer', <class 'transformers.models.gpt2.modeling_gpt2.GPT2Model'>), 'transformer.h.0': ('transformer.h.0', <class 'transformers.models.gpt2.modeling_gpt2.GPT2Block'>), 'transformer.h.0.mlp': ('transformer.h.0.mlp', <class 'transformers.models.gpt2.modeling_gpt2.GPT2MLP'>), 'transformer.h.0.mlp.act': ('transformer.h.0.mlp.act', <class 'transformers.activations.NewGELUActivation'>)})}","[[1, 2048, 12288]]",[True],True,0.316960996389389,0.15785639882087707,0.15910459756851197,0.0,"(1, 2048, 12288)",torch.float32,mul_2
call_function,<built-in method tanh of type object at 0x7f7ac32af600>,{mul_2: None},"(mul_2,)",{},{add_13: None},,mul_2,add_13,False,"(133,)",,"{'nn_module_stack': OrderedDict({'transformer': ('transformer', <class 'transformers.models.gpt2.modeling_gpt2.GPT2Model'>), 'transformer.h.0': ('transformer.h.0', <class 'transformers.models.gpt2.modeling_gpt2.GPT2Block'>), 'transformer.h.0.mlp': ('transformer.h.0.mlp', <class 'transformers.models.gpt2.modeling_gpt2.GPT2MLP'>), 'transformer.h.0.mlp.act': ('transformer.h.0.mlp.act', <class 'transformers.activations.NewGELUActivation'>)})}","[[1, 2048, 12288]]",[True],True,0.41465740501880644,0.1574726015329361,0.25718480348587036,0.0,"(1, 2048, 12288)",torch.float32,tanh
call_function,<built-in function add>,{tanh: None},"(1.0, tanh)",{},{mul_3: None},,tanh,mul_3,False,"(134,)",,"{'nn_module_stack': OrderedDict({'transformer': ('transformer', <class 'transformers.models.gpt2.modeling_gpt2.GPT2Model'>), 'transformer.h.0': ('transformer.h.0', <class 'transformers.models.gpt2.modeling_gpt2.GPT2Block'>), 'transformer.h.0.mlp': ('transformer.h.0.mlp', <class 'transformers.models.gpt2.modeling_gpt2.GPT2MLP'>), 'transformer.h.0.mlp.act': ('transformer.h.0.mlp.act', <class 'transformers.activations.NewGELUActivation'>)})}","[[1, 2048, 12288]]",[True],True,0.16611240105703473,0.15971240103244783,0.006400000024586916,0.0,"(1, 2048, 12288)",torch.float32,add_13
call_function,<built-in function mul>,"{mul: None, add_13: None}","(mul, add_13)",{},"{size_16: None, size_17: None, view_11: None}",,add_13,size_16,False,"(135,)",,"{'nn_module_stack': OrderedDict({'transformer': ('transformer', <class 'transformers.models.gpt2.modeling_gpt2.GPT2Model'>), 'transformer.h.0': ('transformer.h.0', <class 'transformers.models.gpt2.modeling_gpt2.GPT2Block'>), 'transformer.h.0.mlp': ('transformer.h.0.mlp', <class 'transformers.models.gpt2.modeling_gpt2.GPT2MLP'>), 'transformer.h.0.mlp.act': ('transformer.h.0.mlp.act', <class 'transformers.activations.NewGELUActivation'>)})}","[[1, 2048, 12288], [1, 2048, 12288]]","[True, True]",True,0.7319381892681123,0.2509769916534424,0.4809611976146698,0.0,"(1, 2048, 12288)",torch.float32,mul_3
call_method,size,{mul_3: None},"(mul_3,)",{},{getitem_15: None},,mul_3,getitem_15,False,"(136,)",,"{'nn_module_stack': OrderedDict({'transformer': ('transformer', <class 'transformers.models.gpt2.modeling_gpt2.GPT2Model'>), 'transformer.h.0': ('transformer.h.0', <class 'transformers.models.gpt2.modeling_gpt2.GPT2Block'>), 'transformer.h.0.mlp': ('transformer.h.0.mlp', <class 'transformers.models.gpt2.modeling_gpt2.GPT2MLP'>), 'transformer.h.0.mlp.c_proj': ('transformer.h.0.mlp.c_proj', <class 'transformers.pytorch_utils.Conv1D'>)})}","[[1, 2048, 12288]]",[True],True,0.005855999980121851,0.005855999980121851,0.0,0.0,"(1,)",,size_16
call_function,<built-in function getitem>,{size_16: None},"(size_16, slice(None, -1, None))",{},{add_14: None},,size_16,add_14,False,"(137,)",,"{'nn_module_stack': OrderedDict({'transformer': ('transformer', <class 'transformers.models.gpt2.modeling_gpt2.GPT2Model'>), 'transformer.h.0': ('transformer.h.0', <class 'transformers.models.gpt2.modeling_gpt2.GPT2Block'>), 'transformer.h.0.mlp': ('transformer.h.0.mlp', <class 'transformers.models.gpt2.modeling_gpt2.GPT2MLP'>), 'transformer.h.0.mlp.c_proj': ('transformer.h.0.mlp.c_proj', <class 'transformers.pytorch_utils.Conv1D'>)})}",[[1]],[True],True,0.0064640000462532045,0.0064640000462532045,0.0,0.0,"(1,)",,getitem_15
call_function,<built-in function add>,{getitem_15: None},"(getitem_15, (3072,))",{},{view_12: None},,getitem_15,transformer_h_0_mlp_c_proj_bias,False,"(138,)",,"{'nn_module_stack': OrderedDict({'transformer': ('transformer', <class 'transformers.models.gpt2.modeling_gpt2.GPT2Model'>), 'transformer.h.0': ('transformer.h.0', <class 'transformers.models.gpt2.modeling_gpt2.GPT2Block'>), 'transformer.h.0.mlp': ('transformer.h.0.mlp', <class 'transformers.models.gpt2.modeling_gpt2.GPT2MLP'>), 'transformer.h.0.mlp.c_proj': ('transformer.h.0.mlp.c_proj', <class 'transformers.pytorch_utils.Conv1D'>)})}",[[1]],[True],True,0.00614400003105402,0.00614400003105402,0.0,0.0,"(1,)",,add_14
get_attr,transformer.h.0.mlp.c_proj.bias,{},(),{},{addmm_3: None},,add_14,size_17,False,"(139,)",,"{'nn_module_stack': OrderedDict({'transformer': ('transformer', <class 'transformers.models.gpt2.modeling_gpt2.GPT2Model'>), 'transformer.h.0': ('transformer.h.0', <class 'transformers.models.gpt2.modeling_gpt2.GPT2Block'>), 'transformer.h.0.mlp': ('transformer.h.0.mlp', <class 'transformers.models.gpt2.modeling_gpt2.GPT2MLP'>), 'transformer.h.0.mlp.c_proj': ('transformer.h.0.mlp.c_proj', <class 'transformers.pytorch_utils.Conv1D'>)})}",[],[],True,0.0,0.0,0.0,0.0,"(3072,)",torch.float32,transformer_h_0_mlp_c_proj_bias
call_method,size,{mul_3: None},"(mul_3, -1)",{},{view_11: None},,transformer_h_0_mlp_c_proj_bias,view_11,False,"(140,)",,"{'nn_module_stack': OrderedDict({'transformer': ('transformer', <class 'transformers.models.gpt2.modeling_gpt2.GPT2Model'>), 'transformer.h.0': ('transformer.h.0', <class 'transformers.models.gpt2.modeling_gpt2.GPT2Block'>), 'transformer.h.0.mlp': ('transformer.h.0.mlp', <class 'transformers.models.gpt2.modeling_gpt2.GPT2MLP'>), 'transformer.h.0.mlp.c_proj': ('transformer.h.0.mlp.c_proj', <class 'transformers.pytorch_utils.Conv1D'>)})}","[[1, 2048, 12288]]",[True],True,0.006143999937921763,0.006143999937921763,0.0,0.0,"(1,)",,size_17
call_method,view,"{mul_3: None, size_17: None}","(mul_3, -1, size_17)",{},{addmm_3: None},,size_17,transformer_h_0_mlp_c_proj_weight,False,"(141,)",,"{'nn_module_stack': OrderedDict({'transformer': ('transformer', <class 'transformers.models.gpt2.modeling_gpt2.GPT2Model'>), 'transformer.h.0': ('transformer.h.0', <class 'transformers.models.gpt2.modeling_gpt2.GPT2Block'>), 'transformer.h.0.mlp': ('transformer.h.0.mlp', <class 'transformers.models.gpt2.modeling_gpt2.GPT2MLP'>), 'transformer.h.0.mlp.c_proj': ('transformer.h.0.mlp.c_proj', <class 'transformers.pytorch_utils.Conv1D'>)})}","[[1, 2048, 12288], [1]]","[True, True]",True,0.006879999954253435,0.006879999954253435,0.0,0.0,"(2048, 12288)",torch.float32,view_11
get_attr,transformer.h.0.mlp.c_proj.weight,{},(),{},{addmm_3: None},,view_11,addmm_3,False,"(142,)",,"{'nn_module_stack': OrderedDict({'transformer': ('transformer', <class 'transformers.models.gpt2.modeling_gpt2.GPT2Model'>), 'transformer.h.0': ('transformer.h.0', <class 'transformers.models.gpt2.modeling_gpt2.GPT2Block'>), 'transformer.h.0.mlp': ('transformer.h.0.mlp', <class 'transformers.models.gpt2.modeling_gpt2.GPT2MLP'>), 'transformer.h.0.mlp.c_proj': ('transformer.h.0.mlp.c_proj', <class 'transformers.pytorch_utils.Conv1D'>)})}",[],[],True,0.0,0.0,0.0,0.0,"(12288, 3072)",torch.float32,transformer_h_0_mlp_c_proj_weight
call_function,<built-in method addmm of type object at 0x7f7ac32af600>,"{transformer_h_0_mlp_c_proj_bias: None, view_11: None, transformer_h_0_mlp_c_proj_weight: None}","(transformer_h_0_mlp_c_proj_bias, view_11, transformer_h_0_mlp_c_proj_weight)",{},{view_12: None},,transformer_h_0_mlp_c_proj_weight,view_12,False,"(143,)",,"{'nn_module_stack': OrderedDict({'transformer': ('transformer', <class 'transformers.models.gpt2.modeling_gpt2.GPT2Model'>), 'transformer.h.0': ('transformer.h.0', <class 'transformers.models.gpt2.modeling_gpt2.GPT2Block'>), 'transformer.h.0.mlp': ('transformer.h.0.mlp', <class 'transformers.models.gpt2.modeling_gpt2.GPT2MLP'>), 'transformer.h.0.mlp.c_proj': ('transformer.h.0.mlp.c_proj', <class 'transformers.pytorch_utils.Conv1D'>)})}","[[3072], [2048, 12288], [12288, 3072]]","[True, True, True]",True,16.147349959611894,7.348184490203858,8.44332447052002,0.35584099888801574,"(2048, 3072)",torch.float32,addmm_3
call_method,view,"{addmm_3: None, add_14: None}","(addmm_3, add_14)",{},{transformer_h_0_mlp_dropout: None},,addmm_3,transformer_h_0_mlp_dropout,False,"(144,)",,"{'nn_module_stack': OrderedDict({'transformer': ('transformer', <class 'transformers.models.gpt2.modeling_gpt2.GPT2Model'>), 'transformer.h.0': ('transformer.h.0', <class 'transformers.models.gpt2.modeling_gpt2.GPT2Block'>), 'transformer.h.0.mlp': ('transformer.h.0.mlp', <class 'transformers.models.gpt2.modeling_gpt2.GPT2MLP'>), 'transformer.h.0.mlp.c_proj': ('transformer.h.0.mlp.c_proj', <class 'transformers.pytorch_utils.Conv1D'>)})}","[[2048, 3072], [1]]","[True, True]",True,0.0067200000397861,0.0067200000397861,0.0,0.0,"(1, 2048, 3072)",torch.float32,view_12
call_module,transformer.h.0.mlp.dropout,{view_12: None},"(view_12,)",{},{add_15: None},,view_12,add_15,False,"(145,)",,"{'nn_module_stack': OrderedDict({'transformer': ('transformer', <class 'transformers.models.gpt2.modeling_gpt2.GPT2Model'>), 'transformer.h.0': ('transformer.h.0', <class 'transformers.models.gpt2.modeling_gpt2.GPT2Block'>), 'transformer.h.0.mlp': ('transformer.h.0.mlp', <class 'transformers.models.gpt2.modeling_gpt2.GPT2MLP'>), 'transformer.h.0.mlp.dropout': ('transformer.h.0.mlp.dropout', <class 'torch.nn.modules.dropout.Dropout'>)})}","[[1, 2048, 3072]]",[True],True,0.22755240052938464,0.07084820121526718,0.15670419931411744,0.0,"(1, 2048, 3072)",torch.float32,transformer_h_0_mlp_dropout
call_function,<built-in function add>,"{add_10: None, transformer_h_0_mlp_dropout: None}","(add_10, transformer_h_0_mlp_dropout)",{},{transformer_ln_f: None},,transformer_h_0_mlp_dropout,transformer_ln_f,False,"(146,)",,"{'nn_module_stack': OrderedDict({'transformer': ('transformer', <class 'transformers.models.gpt2.modeling_gpt2.GPT2Model'>), 'transformer.h.0': ('transformer.h.0', <class 'transformers.models.gpt2.modeling_gpt2.GPT2Block'>)})}","[[1, 2048, 3072], [1, 2048, 3072]]","[True, True]",True,0.08000039989128709,0.0728643998503685,0.007136000040918589,0.0,"(1, 2048, 3072)",torch.float32,add_15
call_module,transformer.ln_f,{add_15: None},"(add_15,)",{},{view_13: None},,add_15,view_13,False,"(147,)",,"{'nn_module_stack': OrderedDict({'transformer': ('transformer', <class 'transformers.models.gpt2.modeling_gpt2.GPT2Model'>), 'transformer.ln_f': ('transformer.ln_f', <class 'torch.nn.modules.normalization.LayerNorm'>)})}","[[1, 2048, 3072]]",[True],True,0.36979380454868077,0.08646459877490997,0.25145700573921204,0.031872200034558776,"(1, 2048, 3072)",torch.float32,transformer_ln_f
call_method,view,"{transformer_ln_f: None, add_3: None}","(transformer_ln_f, add_3)",{},{lm_head: None},,transformer_ln_f,lm_head,False,"(148,)",,"{'nn_module_stack': OrderedDict({'transformer': ('transformer', <class 'transformers.models.gpt2.modeling_gpt2.GPT2Model'>)})}","[[1, 2048, 3072], [1]]","[True, True]",True,0.006944200024008751,0.006944200024008751,0.0,0.0,"(1, 2048, 3072)",torch.float32,view_13
call_module,lm_head,{view_13: None},"(view_13,)",{},{output: None},,view_13,output,False,"(149,)",,"{'nn_module_stack': OrderedDict({'lm_head': ('lm_head', <class 'torch.nn.modules.linear.Linear'>)})}","[[1, 2048, 3072]]",[True],True,61.819406321551654,24.392210006713867,36.00277571966872,1.4244205951690674,"(1, 2048, 50257)",torch.float32,lm_head
output,output,{lm_head: None},"({'logits': lm_head},)",{},{},,lm_head,,False,"(150,)",,{},"[[1, 2048, 50257]]",[True],True,0.0,0.0,0.0,0.0,"(1, 2048, 50257)",torch.float32,output
